,seq,bitter
0,G F F,1
1,V Y P F P P G I G G,1
2,E V L N,1
3,K A V P Y P P Q,1
4,F V,1
5,R R,1
6,R G P P F I V R G P P F I V,1
7,R P F F,1
8,P R,1
9,G R P,1
10,F G F G,1
11,R P G G F F,1
12,D G,1
13,Q D K I H P F A Q T Q S L V Y P F P G P,1
14,R G P K P I I V,1
15,A D E,1
16,R G P P F I V,1
17,K P K,1
18,I F,1
19,F I V,1
20,M P F P K Y P V E P F,1
21,D L,1
22,A V,1
23,D A,1
24,V P L G T Q Y T D A P S F,1
25,A L,1
26,P V L G P V,1
27,G W,1
28,R G P E P I I V,1
29,Y L G Y L E Q L L R,1
30,V I F,1
31,G Y Y,1
32,R G P P F F F,1
33,Y Q Q P V L G P V R G P F P I,1
34,V V V P P F L Q P,1
35,I G T L A G A,1
36,P F P I I V,1
37,I G,1
38,G Y G,1
39,R G P P G G F F,1
40,L G L,1
41,W P,1
42,R G F F,1
43,F I,1
44,G M I Y P G,1
45,L L,1
46,F W,1
47,P F,1
48,R R P P F F,1
49,Y Y G,1
50,R R R,1
51,G P,1
52,L R L,1
53,L G G,1
54,R R P P,1
55,R R P P P F F F,1
56,Q L F N P S,1
57,D V,1
58,R P F G,1
59,I P,1
60,Q N D K I H P F A Q T Q S L V Y P F G P I P N S L P Q N I P P L T Q T P V V V,1
61,R G,1
62,G K H Q Q E E E N E G G,1
63,P K,1
64,P P F I V,1
65,E F,1
66,V V V,1
67,P A,1
68,Y Q Q P V L G P V R G P F P I I V,1
69,E L L,1
70,Y L E Q L L R,1
71,F F P G G,1
72,K L H E N I A R,1
73,R G P,1
74,G P F P I I V,1
75,G L Y,1
76,I Q,1
77,V I F P P G,1
78,A P F P E V F G,1
79,I I,1
80,V P P F L E,1
81,G G L G G,1
82,P G I,1
83,R G P F I V,1
84,L V,1
85,V I I P F P G R,1
86,V P P F L Q,1
87,S L,1
88,N E N L L,1
89,F F P R,1
90,Y Q E P V L G P V R G P F P I I V,1
91,I V,1
92,F P P,1
93,A G N P D I E H P E,1
94,P V R G P F P I I V,1
95,V L,1
96,L A,1
97,R G P G P I I V,1
98,L D,1
99,F P P F I V,1
100,G P P F,1
101,K F,1
102,R R P P G F,1
103,V Y P F P P G,1
104,L G G G G,1
105,G L G,1
106,Y F,1
107,Y Y Y,1
108,N N E D T,1
109,Y L,1
110,V F,1
111,P I P,1
112,Y G Y,1
113,G P F F,1
114,Q L F G P N V N P W H N P,1
115,P P,1
116,R G P F P I I V,1
117,E Y,1
118,K G,1
119,Y P,1
120,L F,1
121,Y E G N S,1
122,G V V,1
123,V Y P F P P G I,1
124,I N,1
125,G L L,1
126,V E,1
127,L E,1
128,V Y P F,1
129,I W,1
130,G P V R G P F P I I V,1
131,S A E F G,1
132,G L G G,1
133,G R,1
134,R G P P G G G F F,1
135,A D,1
136,K P P F I V,1
137,R G P P F F,1
138,L W,1
139,L R P,1
140,G G V,1
141,W F,1
142,L L L,1
143,Y Q E P V L G P V R G P F P I,1
144,R G P P F I I V,1
145,W W W,1
146,F F V A P F P E V F G K,1
147,R D M P I Q A F L L Y,1
148,L G Y L E Q L L,1
149,F G,1
150,E G,1
151,P P G,1
152,F Y P E L F R,1
153,A P K,1
154,D Y,1
155,E E N,1
156,W E,1
157,I D,1
158,R G P P F I,1
159,G G F F,1
160,F Y P E,1
161,V A,1
162,E P A D,1
163,F G F,1
164,P I,1
165,G G G L,1
166,S L A,1
167,F F P P,1
168,F F P G,1
169,N L Q G,1
170,K P F,1
171,R G P P F I V G G,1
172,G F G,1
173,G G G L G,1
174,I E,1
175,G G R P F F,1
176,I T,1
177,I K,1
178,E Q G G E Q G,1
179,A P F P E V F,1
180,G G P,1
181,V I,1
182,G I,1
183,Y P F P G P I,1
184,Y P F,1
185,G E,1
186,R P K H P I K H Q,1
187,F Y P E L F,1
188,R P P F I V,1
189,F L,1
190,V Y P F P P G I N H,1
191,A L E P D H R,1
192,F P K,1
193,A F,1
194,F G G F,1
195,R G P P G F,1
196,N A L E P D H R V E,1
197,G L G G G,1
198,E E,1
199,Q N D K I H P F A Q T Q S L V Y P F G P I P,1
200,R G G F I V,1
201,T D V E N L H L P P L L,1
202,G G Y,1
203,F L L,1
204,R P G,1
205,Q Q P V L G P V R G P F P I,1
206,V V,1
207,G G R G P P F I V,1
208,G P G,1
209,Q S K V L P V P Q,1
210,K P,1
211,R P F,1
212,V Y P F G G G I N H,1
213,G F,1
214,G G R P F F G G,1
215,M A P K H K E M P F P K Y P V E P F,1
216,R P F F R P F F,1
217,P G,1
218,G G G G L,1
219,R P G F F,1
220,P G G,1
221,V Y P,1
222,P P P,1
223,V Y,1
224,R P F F R P F F R P F F,1
225,F F G G,1
226,D L L,1
227,R P G F,1
228,P F P,1
229,F F P E,1
230,A P K H K E M P F P K Y P V E P F,1
231,G L,1
232,V V Y P W T Q R F,1
233,V I P F P G R,1
234,L E Q L L,1
235,Q L F N P S T N P W H,1
236,G G F F G G,1
237,Y Y,1
238,Y P F P G P I H N S,1
239,Q P V L G P V R G P F P I I V,1
240,L Y,1
241,V Y P F P P I G N H,1
242,L G G G,1
243,I L,1
244,Q L F N P S T N P W H S P,1
245,P F P G P I P N S,1
246,N A L P E,1
247,L I,1
248,R G P P G I G,1
249,P F I V,1
250,E I,1
251,F F R P F F R P F F,1
252,A Y F Y P E L,1
253,E L,1
254,F P,1
255,E G G,1
256,N P P,0
257,F C F,0
258,L K P M N,0
259,I W H H T,0
260,P A N L P W G S S N V,0
261,N W G P L V,0
262,A K K,0
263,K I Y P S F Q P Q P L I Y P,0
264,L N P,0
265,I T T,0
266,A K Y S Y,0
267,G D,0
268,G T,0
269,K K I A T Y Q E R,0
270,P V P Q P,0
271,F Q K V V A G,0
272,K V L P V P Q,0
273,L R Y,0
274,G Y K,0
275,I P Y,0
276,E R K I K V Y L,0
277,L I Y,0
278,P Q R,0
279,K W,0
280,P P K,0
281,N K L,0
282,P P H Q I Y P,0
283,H Q I Y P,0
284,C M E N S A,0
285,A P,0
286,E M P F P K,0
287,F Q K V V A,0
288,G H K I A T F Q E R,0
289,G H F,0
290,P Q A F P,0
291,Q T Q S L V Y P,0
292,I Q S E P K A I P,0
293,K V H S S I Q S Q P Q A F T,0
294,P A P,0
295,I K P L N Y,0
296,L E N L H L P L P,0
297,Q V S L N S G Y Y,0
298,K V R E G T,0
299,F G A S T R G A,0
300,I V Y,0
301,Q G,0
302,N L H L P L P,0
303,R A,0
304,S G I Q S E P K A I P,0
305,K F Y G,0
306,P Y P,0
307,L N V P G E I V E,0
308,D K I H P F,0
309,Q S E P K A I P,0
310,F V A P,0
311,F P E V F G K,0
312,P Q N I L P,0
313,P Q E V L P,0
314,L H L P L P L,0
315,D L P,0
316,H I R L,0
317,D Y G L Y P,0
318,Q S Q P Q A F P,0
319,L D A Q S A P L R,0
320,S F Q P Q P L I Y P,0
321,R M L G Q T P W K,0
322,P A N I K W G D,0
323,M K P W I Q P K,0
324,A Y,0
325,H L P L P,0
326,L V Y P F P G P I P N S L P Q N I P P,0
327,F Q K V V A K,0
328,A V V R P,0
329,L L F,0
330,A L N E I N Q F Y,0
331,L P P,0
332,P H Q I Y P,0
333,A G,0
334,I Y P R Y,0
335,K V L A G M,0
336,N F,0
337,A V N P I R,0
338,G V W,0
339,N M A I N P S K,0
340,N I F Y C P,0
341,L V R T,0
342,L L N P P H Q I Y P,0
343,A L K A W S V A R,0
344,E P K A I P,0
345,F H S G I Q S E P K A I P,0
346,N I P P L T Q T P V,0
347,I W H,0
348,G W A P,0
349,S F,0
350,S H P,0
351,H L,0
352,E K D E R F,0
353,P G L,0
354,L Y P,0
355,D M I P A Q K,0
356,L G P,0
357,L Q Q,0
358,A V P Y P Q R,0
359,H G L F,0
360,G P A G A P G A A,0
361,L N P A,0
362,I Q S Q P Q A F P,0
363,L P G,0
364,N G,0
365,I R A,0
366,P G T A V F K,0
367,L A M A,0
368,H S S I Q S Q P Q A F T,0
369,R M L G N T P T K,0
370,A V P Y P,0
371,P N S H P,0
372,R Y,0
373,G D A P,0
374,M F,0
375,A I P P,0
376,A F P,0
377,M K G,0
378,L A Y F Y P,0
379,I Y,0
380,M G,0
381,L V L,0
382,G R V M P,0
383,L Q K W,0
384,R L,0
385,A L P P,0
386,Q V P Q P I P,0
387,L I Y P,0
388,I Y K,0
389,H L L,0
390,A W,0
391,L P Q N I L P,0
392,F F L,0
393,I Y P S F Q P Q P L I Y P,0
394,L P Y P Y,0
395,Q P Q A F P,0
396,P P P V H L,0
397,K R,0
398,G K P,0
399,F P Q Y L Q Y,0
400,E N L H L P L P,0
401,L A L P P,0
402,L L Y Q Q P V,0
403,G A,0
404,F A L P Q Y,0
405,F N Q,0
406,G L D I Q K,0
407,P L P,0
408,F Q P,0
409,A R,0
410,P Q T L A L P,0
411,M N P,0
412,I V G R R R H Q G,0
413,P T H I K W G D,0
414,P F P E,0
415,G Q,0
416,K V L P V P,0
417,N L H L P,0
418,G G,0
419,E P I P Y G F L P,0
420,P Q P L I Y P,0
421,I V R,0
422,F Y Q Q,0
423,F K G R Y Y P,0
424,P S Y,0
425,R W,0
426,I R,0
427,I Y L L,0
428,P L W,0
429,L K A,0
430,F F V A P,0
431,A I P,0
432,I V G R P R H Q G,0
433,L H L P,0
434,A M K P W I Q P K,0
435,R A D H P F,0
436,I R A Q Q,0
437,A M P K P W,0
438,N R V Y V H P F,0
439,S G,0
440,F R A E H P L,0
441,K Y,0
442,I A K,0
443,L A A,0
444,P A V V L P,0
445,L V Y P,0
446,I H P F A Q T Q S L V Y P,0
447,M Y Y,0
448,L T F,0
449,F P F E V F G K,0
450,H S G I Q S E P K A I P,0
451,S E P K A I P,0
452,L L P,0
453,H Y,0
454,K A I P,0
455,I F G,0
456,P S K I K W G D,0
457,M K Y,0
458,H G,0
459,L S P,0
460,I K W,0
461,A L P H A,0
462,G K K V L Q,0
463,I P A,0
464,G V Y P H K,0
465,L D I Q K,0
466,P L G,0
467,L F R Q,0
468,L Q S W,0
469,H Q A A G W,0
470,Q K,0
471,K Y Y,0
472,A H S Y,0
473,I A I P P,0
474,N Y,0
475,G A A E L P C S A D W W,0
476,K F H S G I Q S E P K A I P,0
477,Q P I P,0
478,G P A,0
479,G K,0
480,L V V Y P W T Q R,0
481,L N P P H Q I Y P,0
482,D K I Y P S F Q P Q P L I Y P,0
483,L A P,0
484,L P L P,0
485,K L,0
486,L K V G V K Q Y,0
487,I A I P,0
488,A Y F Y P E,0
489,C F,0
490,S A Y P G Q I T S N,0
491,F F V A P F P F E V F G K,0
492,G V H G V,0
493,G P V,0
494,I R P,0
495,H P F A Q T Q S L V Y P,0
496,I T T N P,0
497,I P P,0
498,K D E R F,0
499,A A P,0
500,M Y,0
501,P V R A V P,0
502,A Q T Q S L V Y P,0
503,Q A F T,0
504,I R P V Q,0
505,M N P P K,0
506,P Q P I P,0
507,N P P H Q I Y P,0
508,A I Y K,0
509,E N G L P V H L D Q S I F R R P,0
510,A M K P W,0
511,G Y A L P H A,0
