,seq,taste
0,G F F,1
1,V Y P F P P G I G G,1
2,E V L N,1
3,K A V P Y P P Q,1
4,F V,1
5,R R,1
6,R G P P F I V R G P P F I V,1
7,R P F F,1
8,P R,1
9,G R P,1
10,F G F G,1
11,R P G G F F,1
12,D G,1
13,Q D K I H P F A Q T Q S L V Y P F P G P,1
14,R G P K P I I V,1
15,A D E,1
16,R G P P F I V,1
17,K P K,1
18,I F,1
19,F I V,1
20,M P F P K Y P V E P F,1
21,D L,1
22,A V,1
23,D A,1
24,V P L G T Q Y T D A P S F,1
25,A L,1
26,P V L G P V,1
27,G W,1
28,R G P E P I I V,1
29,Y L G Y L E Q L L R,1
30,V I F,1
31,G Y Y,1
32,R G P P F F F,1
33,Y Q Q P V L G P V R G P F P I,1
34,V V V P P F L Q P,1
35,I G T L A G A,1
36,P F P I I V,1
37,I G,1
38,G Y G,1
39,R G P P G G F F,1
40,L G L,1
41,W P,1
42,R G F F,1
43,F I,1
44,G M I Y P G,1
45,L L,1
46,F W,1
47,P F,1
48,R R P P F F,1
49,Y Y G,1
50,R R R,1
51,G P,1
52,L R L,1
53,L G G,1
54,R R P P,1
55,R R P P P F F F,1
56,Q L F N P S,1
57,D V,1
58,R P F G,1
59,I P,1
60,Q N D K I H P F A Q T Q S L V Y P F G P I P N S L P Q N I P P L T Q T P V V V,1
61,R G,1
62,G K H Q Q E E E N E G G,1
63,P K,1
64,P P F I V,1
65,E F,1
66,V V V,1
67,P A,1
68,Y Q Q P V L G P V R G P F P I I V,1
69,E L L,1
70,Y L E Q L L R,1
71,F F P G G,1
72,K L H E N I A R,1
73,R G P,1
74,G P F P I I V,1
75,G L Y,1
76,I Q,1
77,V I F P P G,1
78,A P F P E V F G,1
79,I I,1
80,V P P F L E,1
81,G G L G G,1
82,P G I,1
83,R G P F I V,1
84,L V,1
85,V I I P F P G R,1
86,V P P F L Q,1
87,S L,1
88,N E N L L,1
89,F F P R,1
90,Y Q E P V L G P V R G P F P I I V,1
91,I V,1
92,F P P,1
93,A G N P D I E H P E,1
94,P V R G P F P I I V,1
95,V L,1
96,L A,1
97,R G P G P I I V,1
98,L D,1
99,F P P F I V,1
100,G P P F,1
101,K F,1
102,R R P P G F,1
103,V Y P F P P G,1
104,L G G G G,1
105,G L G,1
106,Y F,1
107,Y Y Y,1
108,N N E D T,1
109,Y L,1
110,V F,1
111,P I P,1
112,Y G Y,1
113,G P F F,1
114,Q L F G P N V N P W H N P,1
115,P P,1
116,R G P F P I I V,1
117,E Y,1
118,K G,1
119,Y P,1
120,L F,1
121,Y E G N S,1
122,G V V,1
123,V Y P F P P G I,1
124,I N,1
125,G L L,1
126,V E,1
127,L E,1
128,V Y P F,1
129,I W,1
130,G P V R G P F P I I V,1
131,S A E F G,1
132,G L G G,1
133,G R,1
134,R G P P G G G F F,1
135,A D,1
136,K P P F I V,1
137,R G P P F F,1
138,L W,1
139,L R P,1
140,G G V,1
141,W F,1
142,L L L,1
143,Y Q E P V L G P V R G P F P I,1
144,R G P P F I I V,1
145,W W W,1
146,F F V A P F P E V F G K,1
147,R D M P I Q A F L L Y,1
148,L G Y L E Q L L,1
149,F G,1
150,E G,1
151,P P G,1
152,F Y P E L F R,1
153,A P K,1
154,D Y,1
155,E E N,1
156,W E,1
157,I D,1
158,R G P P F I,1
159,G G F F,1
160,F Y P E,1
161,V A,1
162,E P A D,1
163,F G F,1
164,P I,1
165,G G G L,1
166,S L A,1
167,F F P P,1
168,F F P G,1
169,N L Q G,1
170,K P F,1
171,R G P P F I V G G,1
172,G F G,1
173,G G G L G,1
174,I E,1
175,G G R P F F,1
176,I T,1
177,I K,1
178,E Q G G E Q G,1
179,A P F P E V F,1
180,G G P,1
181,V I,1
182,G I,1
183,Y P F P G P I,1
184,Y P F,1
185,G E,1
186,R P K H P I K H Q,1
187,F Y P E L F,1
188,R P P F I V,1
189,F L,1
190,V Y P F P P G I N H,1
191,A L E P D H R,1
192,F P K,1
193,A F,1
194,F G G F,1
195,R G P P G F,1
196,N A L E P D H R V E,1
197,G L G G G,1
198,E E,1
199,Q N D K I H P F A Q T Q S L V Y P F G P I P,1
200,R G G F I V,1
201,T D V E N L H L P P L L,1
202,G G Y,1
203,F L L,1
204,R P G,1
205,Q Q P V L G P V R G P F P I,1
206,V V,1
207,G G R G P P F I V,1
208,G P G,1
209,Q S K V L P V P Q,1
210,K P,1
211,R P F,1
212,V Y P F G G G I N H,1
213,G F,1
214,G G R P F F G G,1
215,M A P K H K E M P F P K Y P V E P F,1
216,R P F F R P F F,1
217,P G,1
218,G G G G L,1
219,R P G F F,1
220,P G G,1
221,V Y P,1
222,P P P,1
223,V Y,1
224,R P F F R P F F R P F F,1
225,F F G G,1
226,D L L,1
227,R P G F,1
228,P F P,1
229,F F P E,1
230,A P K H K E M P F P K Y P V E P F,1
231,G L,1
232,V V Y P W T Q R F,1
233,V I P F P G R,1
234,L E Q L L,1
235,Q L F N P S T N P W H,1
236,G G F F G G,1
237,Y Y,1
238,Y P F P G P I H N S,1
239,Q P V L G P V R G P F P I I V,1
240,L Y,1
241,V Y P F P P I G N H,1
242,L G G G,1
243,I L,1
244,Q L F N P S T N P W H S P,1
245,P F P G P I P N S,1
246,N A L P E,1
247,L I,1
248,R G P P G I G,1
249,P F I V,1
250,E I,1
251,F F R P F F R P F F,1
252,A Y F Y P E L,1
253,E L,1
254,F P,1
255,E G G,1
256,R K E,0
257,V A V,0
258,K G D E E S L A,0
259,S A E Q K,0
260,C M,0
261,D G,0
262,D E,0
263,E E L,0
264,L V G,0
265,S L A K G D E E,0
266,D D,0
267,V G G,0
268,E E E,0
269,L S E R Y P,0
270,G C G,0
271,A H S V R F Y,0
272,E E E Q,0
273,Y G G T P P F V,0
274,E N,0
275,L P E E V,0
276,A S N M S D L,0
277,E I N E L,0
278,E E,0
279,S E,0
280,G D G,0
281,V D V,0
282,P V A R M C R,0
283,V T A D E S Q Q D V L K,0
284,V V,0
285,D P Q,0
286,E Q E E L,0
287,H C H T N,0
288,V V G E T,0
289,N V V G E T,0
290,E N I N E L,0
291,S F,0
292,L V,0
293,D E E,0
294,E A,0
295,I N E L,0
296,S E E,0
297,A Q A L Q A Q A,0
298,L Q P L N A H,0
299,K G R Y E R,0
300,G L L P D G T P R,0
301,D E S,0
302,P D K P N T,0
303,E G S,0
304,E P,0
305,C C N K S V,0
306,L G A G G S L A,0
307,Q V A I A H R D A K,0
308,D Q R,0
309,A L P E E V,0
310,G G Y,0
311,E Q Q Q Q,0
312,V E,0
313,S P E,0
314,E T,0
315,E N E,0
316,V D,0
317,P E T,0
318,K G N E E S L A,0
319,E D V,0
320,D A,0
321,A N P G P V R D L R,0
322,Q L,0
323,R G E N E S D E Q G A I V T,0
324,E G,0
325,A E,0
326,N N P,0
327,V R S Y,0
328,L D L,0
329,R P N P F E N R,0
330,N G K E T,0
331,E K,0
332,S S R N E Q S R,0
333,E Q E,0
334,R G E N E S E E E G A I V T,0
335,D D D,0
336,E G S E A P D G S S R,0
337,N R T F,0
338,P E,0
339,N Y,0
340,K G S L A D E E,0
341,V P Y,0
342,E L,0
343,E Y,0
344,R P L G N C,0
345,V L P T D Q N F I L R,0
346,D D E,0
347,V E V,0
348,R L,0
349,S L A D E E K G,0
350,A D E,0
351,K G,0
352,E D D,0
353,A D A,0
354,E D F,0
355,T E,0
356,Q E E L,0
357,E S,0
358,G E G,0
359,P A A,0
360,E D E,0
361,E E D G K,0
362,A D,0
363,V D R,0
364,D D D D,0
365,G E,0
366,E D,0
367,T L R R C M,0
368,A E,0
369,R L,0
370,N Y,0
371,D A,0
372,D L,0
373,D K,0
374,D D,0
375,D E,0
376,E A,0
377,E N,0
378,E D,0
379,E E,0
380,E G,0
381,E L,0
382,E K,0
383,E P,0
384,E S,0
385,E T,0
386,E Y,0
387,G D,0
388,L D,1
389,Q P,0
390,L E L,1
391,K G,0
392,P E,0
393,T E,0
394,H S,0
395,V T,0
396,A E A,0
397,A E D,0
398,A D A,0
399,A D E,0
400,D A G,0
401,D A E,0
402,D D D,0
403,G Y,1
404,D D E,0
405,N A L,1
406,D E D,0
407,D E E,0
408,D E L,0
409,Y G L F,1
410,N G G,0
411,I P A V F,1
412,D E S,0
413,L L F,1
414,Y P F P G P I P N,1
415,F W,1
416,L L L,1
417,G L,1
418,G F,1
419,E D D,0
420,F L,1
421,P R,1
422,E D E,0
423,E D F,0
424,E D V,0
425,E Q E,0
426,G R,1
427,E E E,0
428,Y P,1
429,I V,1
430,E E D,0
431,K F,1
432,E E L,0
433,R G,1
434,R R,1
435,E E K,0
436,V I,1
437,E S V,0
438,E G S,0
439,P K,1
440,P P,1
441,L I,1
442,G D G,0
443,Y G,1
444,G F P,0
445,L D L,0
446,L V G,0
447,P L A,0
448,P A Q,0
449,P G D,0
450,P S G,0
451,S E E,0
452,V F,1
453,S P E,0
454,S F G,0
455,T A Y,0
456,T P E,0
457,V A V,0
458,V D V,0
459,V E V,0
460,V E S,0
461,V Y,1
462,V G G,0
463,K P,1
464,R F,1
465,V P Y,0
466,Y Y,1
467,I F,1
468,A A P Y,0
469,R P,1
470,F I,1
471,Y F,1
472,A V,1
473,V A,1
474,P A,1
475,I D,1
476,E S L A,0
477,I E,1
478,E D Q K,0
479,I S,1
480,G G G E,0
481,I T,1
482,I Q,1
483,S L,1
484,I N,1
485,G G P G,0
486,W E,1
487,I K,1
488,A L,1
489,L A,1
490,P Y,1
491,G W,1
492,I Q E L,0
493,P L,1
494,P I,1
495,I P,1
496,Y L,1
497,L E Q L,0
498,L Y,1
499,I W,1
500,F Y,1
501,L W,1
502,W W,1
503,Q E E K,0
504,G V,1
505,L G,1
506,G P,1
507,A F,1
508,N R T F,0
509,F G,1
510,I G,1
511,V L,1
512,P F,1
513,G I,1
514,L L,1
515,V E A L,0
516,I I,1
517,I L,1
518,F P,1
519,L F,1
520,F F,1
521,L G G,1
522,G G V,1
523,P G R,1
524,G P G,1
525,G Y G,1
526,R G P,1
527,G L G,1
528,G G L,1
529,G G P,1
530,P G P,1
531,P P G,1
532,L L G,1
533,L G L,1
534,F G G,1
535,F P P,1
536,R R R,1
537,G F G,1
538,F F G,1
539,P P P,1
540,G G F,1
541,F G F,1
542,G R P,1
543,R P G,1
544,G F F,1
545,F F F,1
546,R R P P F F,1
547,R G P P F I V,1
548,R P P P F F F,1
549,R R P P P F F F,1
550,V Y P F P P G I N H,1
551,R P G F F,1
552,R P G G F F,1
553,F F R P F F R P F F,1
554,R P F G,1
555,G P F F,1
556,R G F F,1
557,R P G F,1
558,F F P R,1
559,G L L,1
560,G G G L G,1
561,G G L G G,1
562,L G G G G,1
563,G L G G G,1
564,G G G G L,1
565,G G L G,1
566,G L G G,1
567,L G G G,1
568,G G G L,1
569,L L L L,1
570,P G G,1
571,F P K,1
572,Y G G,1
573,P P F,1
574,V I F,1
575,Y G Y,1
576,R R P F F,1
577,Y Y G,1
578,K P F,1
579,G Y Y,1
580,F P F,1
581,F F P P,1
582,G P P F,1
583,V Y P F P P I G N H,1
584,V Y P F,1
585,R P F F,1
586,R G P G P I I V,1
587,R P F F R P F F,1
588,P V R G P F P I I V,1
589,R P F F R P F F R P F F,1
590,R G P P F I V R G P P F I V,1
591,P V L G P V R G P F P I I V,1
592,F G F G,1
593,F G G F,1
594,P V L G P V,1
595,P F P I I V,1
596,V I I P F P G,1
597,R G P F P I V,1
598,V I P F P G R,1
599,V I I P F P G R,1
600,G V V,1
601,F I V,1
602,R G P P G F,1
603,R R P P G F,1
604,R G P P F F,1
605,R G P P G G V,1
606,R G P P G I G,1
607,R G P P G G F,1
608,R G P P F G G,1
609,R G P P G F G,1
610,R G P P G F F,1
611,R G P P F F F,1
612,R G P P G G F F,1
613,R G P P G G G F F,1
614,R G P P F,1
615,P P F I V,1
616,G P P F I V,1
617,R P P F I V,1
618,R G P F I V,1
619,R G P P F I,1
620,P F I V,1
621,V I F P P G,1
622,V I F P P G R,1
623,F P P F I V,1
624,K P P F I V,1
625,G G R G P P F I V,1
626,R G P P F I V G G,1
627,G G R G P P F I V G G,1
628,V V V,1
629,G G V V V,1
630,F F P G G,1
631,G G F F G G,1
632,R P F F G G,1
633,F F G G,1
634,R R P P,1
635,F F P E,1
636,G G F F,1
637,F F P G,1
638,G G R P F F G G,1
639,V Y P,1
640,K P K,1
641,P F P,1
642,Y P F,1
643,P F P P,1
644,R G G F I V,1
645,R G P K P I I V,1
646,R G P P F I I V,1
647,R G P E P I I V,1
648,R G P F P I I V,1
649,V Y P F P P G,1
650,V Y P F P P G I,1
651,V Y P F P P G I G G,1
652,V Y P F G G G I N H,1
653,E G G,1
654,D L L,1
655,E L L,1
656,P I P,1
657,P G P I P,1
658,P G P G P G,1
659,P F P G P I,1
660,P F P G P I P,1
661,Y P F P G P I,1
662,A F D E K,0
663,E E D G K,0
664,E E S L A,0
665,E Q E E K,0
666,V V G E T,0
667,S A E Q T,0
668,H C H T N,0
669,S E G G R,0
670,K G D E E,0
671,A L P A E V,0
672,N V V G E T,0
673,C C N K S V,0
674,E N I N E L,0
675,K A P S T M,0
676,I N E L,0
677,G P D P E R,0
678,I N K P G L,0
679,S D S C I R,0
680,Q D S I G S,0
681,A D G L W L,0
682,G F L G P Q,0
683,A H S V R F Y,0
684,A S N M S D L,0
685,L Q P L N A H,0
686,I Q Q D D C K,0
687,S E A S N N K,0
688,I G P G L G R,0
689,A G D D A P R,0
690,K D G G G G K,0
691,F V G L Q E R,0
692,A G A G P T P,0
693,V Y E T P D R,0
694,D A P Y D Y K,0
695,N Q E G L F R,0
696,K G D E E S L A,0
697,K G S L A D E E,0
698,S L A D E E K G,0
699,S L A K G D E E,0
700,Y G G T P P F V,0
701,V A P E E H P T,0
702,F A G D D A P R,0
703,P E C G L V V G,0
704,F A D N V F A L,0
705,Q A E A D M A R,0
706,H G E D K E G E,0
707,I P I P A T K T,0
708,S T M L L E S E R,0
709,L L L P G E L A K,0
710,P G P A G P A G P,0
711,T R E Q M I H E R,0
712,E G S T I G L S K,0
713,G Y S F T T T A E R,0
714,V V L N P V A R V E,0
715,L L D A F F F D N K,0
716,E A T L W D M E E K,0
717,V L P T D Q N F I L R,0
718,M T N L L E D L S F R,0
719,L P L L E E A F L S R,0
720,M E R E Q E E S T M R,0
721,V T A D E S Q Q D V L F,0
722,A K L T S L E E E C Q R,0
723,G F G D S C T P G K N E R,0
724,Y A D S N I Q I N G T D R,0
725,R G E N E S D E F G A I V T,0
726,A R E I A L Q E L G E Q A K,0
727,E Q L E A T V Q K L D E S R,0
728,I M E A L A G A G I D P R R,0
729,S G V V A A V N D A A K D F H G,0
730,V L S L N S G T E A V E A A I K,0
731,E M H,0
732,V E H,0
733,G L E,0
734,T G C,0
735,Q L,0
736,H V,0
737,P E T,0
738,A P A,0
739,D C G,0
740,N G K E T,0
741,E F K E Y N,0
742,D F K R E P,0
743,D R E K F D E,0
744,E F E G G S I E H,0
745,D V N N P A N Q L D,0
746,N N E N Q L D E Y Q R,0
